ratio,cent_y,cent_x,eccentricity,solidity,skew_x,skew_y,kurt_x,kurt_y
0.05001600170684873,0.480413790794398,0.3967590033392265,0.5264141926008072,0.07930614523249717,-0.2822059935072615,-0.0017102419536594426,-0.17774060823968485,-0.8357904455805265
