ratio,cent_y,cent_x,eccentricity,solidity,skew_x,skew_y,kurt_x,kurt_y
0.044607096019565445,0.5278182804876368,0.38280537290246547,0.9241111520363858,0.05899034405174838,0.5155531929333296,-0.12406262457368697,-0.42679937677015944,-1.0472095630052818
