ratio,cent_y,cent_x,eccentricity,solidity,skew_x,skew_y,kurt_x,kurt_y
0.11010659752232786,0.5383260588819944,0.49342903263464255,0.9707999162081173,0.22074486518956635,-0.15982574603714872,-0.007953567784641513,-0.9723753381260112,-0.8637999040807127
