ratio,cent_y,cent_x,eccentricity,solidity,skew_x,skew_y,kurt_x,kurt_y
0.041605245901639346,0.5236459545547562,0.5092870003782625,0.8612644706998582,0.06892506105138745,0.08471592849253612,-0.2546479968609288,-1.0359050468193725,-0.7723946287762895
